{
  "version": "1.0.0",
  "generated": "2025-01-21",
  "description": "Maps alternative names, acronyms, and aliases to canonical terms",
  "company_aliases": {
    "WooliesX": {
      "canonical": "WooliesX (Big W / Everyday Rewards)",
      "aliases": ["WooliesX", "Big W", "Everyday Rewards", "BIGW", "EDR"]
    },
    "Woolworths": {
      "canonical": "Woolworths Group",
      "aliases": ["Woolworths", "WOW", "Woolies"]
    },
    "Sydney Trains": {
      "canonical": "Sydney Trains",
      "aliases": ["Sydney Trains", "NSW Trains", "Transport NSW"]
    }
  },
  "project_aliases": {
    "BIGW Loyalty Analytics": {
      "canonical": "BIGW Loyalty Program Analytics Platform",
      "aliases": [
        "Monthly Analytics Platform",
        "Everyday Rewards Analytics", 
        "WooliesX Analytics",
        "BIGW Monthly Reporting",
        "Loyalty Program KPI Dashboard"
      ]
    },
    "Industrial Action Analytics": {
      "canonical": "Industrial Action Impact Analytics Platform",
      "aliases": [
        "Protected Industrial Action Analytics",
        "Passenger Impact Analysis",
        "Sydney Trains Analytics",
        "PIA Analytics",
        "Strike Impact Modelling"
      ]
    },
    "Dominos Location": {
      "canonical": "Predictive Store Location Framework", 
      "aliases": [
        "Domino's Location Analytics",
        "Store Location Modelling",
        "Location Intelligence Platform"
      ]
    },
    "Political Analytics": {
      "canonical": "Political Analytics & Voter Modelling",
      "aliases": [
        "Voter Prediction Models",
        "Electoral Analytics",
        "Political Campaign Analytics"
      ]
    }
  },
  "technology_aliases": {
    "AI": {
      "canonical": "Agentic AI & Multi-Agent Systems",
      "aliases": ["AI", "Agentic AI", "Multi-Agent Systems", "LangChain", "LangGraph"]
    },
    "ML": {
      "canonical": "Machine Learning",
      "aliases": ["ML", "Machine Learning", "scikit-learn", "Predictive Modelling"]
    },
    "BI": {
      "canonical": "Business Intelligence",
      "aliases": ["BI", "Business Intelligence", "Dashboard Development", "Executive Reporting"]
    },
    "SQL": {
      "canonical": "Advanced SQL",
      "aliases": ["SQL", "Advanced SQL", "BigQuery", "PostgreSQL", "MySQL", "Database Development"]
    },
    "Cloud": {
      "canonical": "Cloud Platforms",
      "aliases": ["GCP", "Google Cloud Platform", "AWS", "Azure", "Cloud Infrastructure"]
    }
  },
  "acronym_disambiguation": {
    "EDR": {
      "context": "retail_loyalty",
      "canonical": "Everyday Rewards",
      "definition": "Woolworths Group loyalty program"
    },
    "PIA": {
      "context": "transportation",
      "canonical": "Protected Industrial Action", 
      "definition": "Legal industrial action in Australian workplace relations"
    },
    "BTL": {
      "context": "marketing",
      "canonical": "Below-The-Line",
      "definition": "Targeted marketing campaigns vs mass market advertising"
    },
    "ATL": {
      "context": "marketing", 
      "canonical": "Above-The-Line",
      "definition": "Mass market advertising campaigns"
    },
    "AMO": {
      "context": "retail_loyalty",
      "canonical": "Always Marketing Offers",
      "definition": "Continuous promotional offers in loyalty programs"
    },
    "KPI": {
      "context": "business_intelligence",
      "canonical": "Key Performance Indicator",
      "definition": "Measurable business performance metrics"
    },
    "ETL": {
      "context": "data_engineering",
      "canonical": "Extract, Transform, Load",
      "definition": "Data pipeline methodology"
    },
    "ELT": {
      "context": "data_engineering",
      "canonical": "Extract, Load, Transform",
      "definition": "Modern data pipeline methodology"
    }
  },
  "domain_terminology": {
    "retail_loyalty": {
      "terms": {
        "scan_rate": "Percentage of transactions where loyalty card is scanned",
        "flexi_travellers": "Customers who can choose alternative transport or timing",
        "captive_travellers": "Customers with no alternative transport options",
        "member_segments": "Customer classifications based on engagement and subscription status",
        "acquisition_from_group": "New customers acquired from other Woolworths Group businesses"
      }
    },
    "transportation": {
      "terms": {
        "dwell_time": "Time train spends at station platform",
        "punctuality": "On-time performance metric for train services",
        "industrial_action": "Organised worker actions like strikes or work bans",
        "service_disruption": "Interruption to normal train operations"
      }
    },
    "political_analytics": {
      "terms": {
        "voter_intention": "Predicted voting behaviour based on demographic and behavioural data",
        "electoral_segments": "Groups of voters with similar characteristics and preferences",
        "campaign_targeting": "Direct outreach to specific voter groups",
        "polling_validation": "Verification of model predictions through survey data"
      }
    }
  },
  "skill_level_mapping": {
    "primary": "Core competency with extensive experience and proven results",
    "secondary": "Strong capability with meaningful experience but not primary focus"
  },
  "employment_type_mapping": {
    "perm": "Permanent full-time employment",
    "contract": "Fixed-term contract role",
    "freelance": "Independent consulting engagement", 
    "founder": "Business founder and owner",
    "internship": "Student or graduate internship position"
  }
}