{
  "version": "1.3.0",
  "generated": "2025-01-21",
  "indices": {
    "skills": {
      "primary": [
        "Agentic AI Development",
        "Full-Stack Development",
        "Enterprise System Integration",
        "DevOps & Infrastructure",
        "Product Management",
        "Business Development", 
        "Solution Architecture",
        "Multi-Agent Orchestration",
        "Infrastructure Monitoring",
        "Troubleshooting Methodologies",
        "SaaS Platform Development",
        "Quality Assurance",
        "Test Automation",
        "Performance Testing",
        "Enterprise Data Architecture",
        "Business Intelligence",
        "SQL Development",
        "Executive Reporting",
        "Customer Analytics",
        "Machine Learning",
        "Machine Learning & Optimization",
        "Financial Forecasting",
        "Campaign Optimization",
        "Statistical Modeling",
        "Marketing Mix Modeling",
        "Predictive Modelling",
        "Transportation Analytics",
        "Dashboard Development",
        "Data Visualisation",
        "Cross-Functional Analytics",
        "Cloud Analytics Platforms",
        "Transaction Analytics",
        "Customer Engagement Analysis",
        "Data Science",
        "Political Analytics",
        "Location Analytics"
      ],
      "secondary": [
        "AI/ML Engineering",
        "Monitoring & Troubleshooting",
        "Data Engineering",
        "Real-time Systems",
        "Vector Database Integration",
        "Security Monitoring",
        "Market Analysis",
        "AI-Powered Testing",
        "Industrial Relations Analysis",
        "Requirements Analysis",
        "Risk Analytics",
        "Campaign Analysis",
        "Team Leadership",
        "International Expansion Analysis",
        "Voter Behaviour Analysis",
        "Geographic Analytics",
        "3D Visualization",
        "Cost Management",
        "External Consultant Collaboration",
        "Attribution Modeling"
      ]
    },
    "technologies": [
      "Python",
      "LangChain",
      "LangGraph",
      "FastAPI",
      "Next.js",
      "React",
      "TypeScript",
      "Node.js",
      "PostgreSQL",
      "Redis",
      "ChromaDB",
      "Docker",
      "Prometheus",
      "Grafana",
      "AWS",
      "Kubernetes",
      "Apache Kafka",
      "Snowflake",
      "WebSocket",
      "Loki",
      "Express.js",
      "Flask",
      "Playwright",
      "Vitest",
      "React Testing Library",
      "Nginx",
      "Cloudflare",
      "SuiteCRM",
      "MySQL",
      "Agentic AI",
      "SQL",
      "Google BigQuery",
      "BigQuery",
      "Tableau",
      "Power BI",
      "Google Cloud Platform",
      "scikit-learn",
      "XGBoost",
      "GAM",
      "pandas",
      "matplotlib",
      "plotly",
      "PCA",
      "Streamlit",
      "Azure DevOps",
      "Azure",
      "DAX",
      "Databricks",
      "CI/CD",
      "Advanced Analytics",
      "R",
      "Machine Learning",
      "Statistical Analysis",
      "Statistical Modeling",
      "Predictive Modelling"
    ],
    "domains": [
      "Agentic AI & Multi-Agent Systems",
      "Full-Stack Platform Development",
      "Enterprise Infrastructure Monitoring",
      "SaaS Platform Architecture",
      "Quality Assurance & Testing",
      "Startup Technology Development",
      "Enterprise Analytics",
      "Loyalty Program Analytics", 
      "Transportation Analytics",
      "Business Intelligence",
      "Retail Analytics",
      "Financial Services Analytics",
      "Political Analytics",
      "Location Intelligence",
      "Customer Behaviour Analysis",
      "Campaign Attribution",
      "Campaign Optimization",
      "Financial Forecasting",
      "Marketing Mix Modeling",
      "Christmas Campaign Analytics",
      "Cost Management Analytics",
      "Predictive Modelling"
    ],
    "companies": [
      "AJ Insights",
      "WooliesX (Big W / Everyday Rewards)",
      "Sydney Trains", 
      "Woolworths Group",
      "Prospa",
      "Mastercard",
      "Equifax"
    ],
    "stakeholders": [
      "Enterprise Clients",
      "Technical Teams",
      "Small Business Owners",
      "External API Providers",
      "Development Community",
      "AI Platform Users",
      "Infrastructure Teams",
      "DevOps Engineers",
      "Security Teams",
      "Tradies",
      "Local Service Providers",
      "Quality Assurance Teams",
      "Technical Leads",
      "C-Level Executives",
      "Marketing Teams",
      "Operations Teams",
      "Finance Teams",
      "Senior Leadership",
      "Industrial Relations",
      "Legal Teams",
      "Store Managers",
      "Development Teams",
      "Business Analysts",
      "Sales Teams",
      "Product Teams",
      "Data Science Teams",
      "Client Teams",
      "Political Parties",
      "Retail Clients",
      "Financial Services",
      "External Consultants",
      "Christmas Campaign Teams"
    ],
    "outcomes": {
      "performance_uplifts": [
        "3.9× voter prediction model performance",
        "1.8× AMEX Platinum campaign uplift",
        "87% passenger prediction accuracy",
        "97.8% cost forecasting accuracy",
        "99%+ production platform uptime",
        "95%+ AI agent success rates",
        "320-640% troubleshooting time reduction"
      ],
      "scale_metrics": [
        "170M+ customer transactions",
        "100M+ transaction records",
        "10M households analysed",
        "300+ daily users",
        "1,000+ stores",
        "$52.3M annual cost management",
        "$700K budget optimization",
        "2.7M customer segments",
        "17,025 optimization scenarios",
        "1000+ concurrent connections",
        "0.002s average API response times",
        "8 ABS data sources integrated"
      ],
      "business_impact": [
        "Executive KPI dashboard with 18 metrics",
        "5 business units integrated",
        "4 international markets enabled",
        "13 predictive models built",
        "208.97K impacted travellers quantified",
        "40+ marketing indicators expanded",
        "15+ business categories tracked",
        "286 unique campaigns analyzed",
        "3,432 campaign data points processed",
        "13 custom monitoring dashboards",
        "23-minute average resolution time",
        "100% first-time fix rate",
        "10-20x customer ROI target",
        "4 specialized AI agents"
      ]
    }
  },
  "lookup_tables": {
    "role_by_company": {
      "AJ Insights": ["role_aj_insights_202412"],
      "WooliesX (Big W / Everyday Rewards)": ["role_wooliesx_202404"],
      "Sydney Trains": ["role_sydney_trains_202106"],
      "Woolworths Group": ["role_woolworths_202006"],
      "Prospa": ["role_prospa_201912"],
      "Mastercard": ["role_mastercard_201908"],
      "Equifax": ["role_equifax_201609"]
    },
    "role_by_skill": {
      "Agentic AI Development": ["role_aj_insights_202412"],
      "Enterprise Data Architecture": ["role_wooliesx_202404"],
      "Machine Learning": ["role_sydney_trains_202106"],
      "Business Intelligence": ["role_woolworths_202006", "role_prospa_201912"],
      "Transaction Analytics": ["role_mastercard_201908"],
      "Predictive Modelling": ["role_equifax_201609", "role_sydney_trains_202106"],
      "Political Analytics": ["role_equifax_201609"],
      "Location Analytics": ["role_equifax_201609"]
    },
    "project_by_domain": {
      "Agentic AI & Multi-Agent Systems": ["proj_agentic_ai_platform"],
      "Enterprise Infrastructure Monitoring": ["proj_monitoring_platform"],
      "SaaS Platform Development": ["proj_aj_insights_saas"],
      "Quality Assurance & Testing": ["proj_webtestnavigator"],
      "Loyalty Program Analytics": ["proj_bigw_loyalty_analytics"],
      "Transportation Analytics": ["proj_industrial_action_analytics", "proj_passenger_load_prediction", "proj_regulatory_compliance_automation"],
      "Location Intelligence": ["proj_dominos_location_framework"],
      "Political Analytics": ["proj_political_analytics"],
      "Campaign Optimization": ["proj_christmas_campaign_optimization"],
      "Financial Forecasting": ["proj_points_cost_forecasting"],
      "Marketing Mix Modeling": ["proj_media_mix_modeling_enhancement"]
    },
    "achievements_by_metric_type": {
      "performance_uplift": [
        "Created 13 voter-prediction models achieving 3.9× performance uplift verified through live polling",
        "Developed AMEX Platinum propensity models delivering 1.8× uplift over previous campaigns",
        "Built sophisticated machine learning models achieving 87% accuracy for passenger load predictions"
      ],
      "scale_processing": [
        "Engineered comprehensive ETL framework processing 170M+ customer transactions",
        "Analysed 100M+ transaction records extracting behaviour patterns",
        "Built production-grade 1,158-line SQL script with advanced window functions"
      ],
      "user_impact": [
        "Re-built Planning & Performance dashboard in Power BI serving 300+ daily users across 1,000+ stores",
        "Created React-based industrial action impact dashboard categorising 208.97K impacted and 130.13K flexi-travellers"
      ]
    }
  },
  "query_paths": {
    "get_roles_by_timeframe": {
      "current": ["role_aj_insights_202412"],
      "2024": ["role_aj_insights_202412", "role_wooliesx_202404"],
      "2021-2023": ["role_sydney_trains_202106"],
      "2019-2021": ["role_woolworths_202006", "role_prospa_201912", "role_mastercard_201908"],
      "2016-2019": ["role_equifax_201609"]
    },
    "get_primary_expertise_areas": [
      "Agentic AI & Multi-Agent Systems",
      "Enterprise Data Architecture", 
      "Machine Learning & Predictive Modelling",
      "Business Intelligence & Executive Reporting",
      "Customer Analytics & Loyalty Programs"
    ],
    "get_top_achievements_by_impact": [
      "99%+ production AI platform uptime with 0.002s response times",
      "23-minute resolution time vs 4-8 hour industry standard",
      "3.9× voter prediction model performance uplift",
      "170M+ customer transactions processed",
      "87% passenger prediction accuracy",
      "$52.3M annual cost forecasting with 97.8% accuracy",
      "$700K budget optimization with machine learning",
      "320-640% troubleshooting time reduction",
      "95%+ AI agent success rates with dynamic tool synthesis",
      "300+ daily users served across 1,000+ stores",
      "18-metric executive KPI framework",
      "40+ marketing indicators expansion"
    ]
  }
}